IndicatorCode,Indicator,ValueType,ParentLocationCode,ParentLocation,Location type,SpatialDimValueCode,Location,Period type,Period,IsLatestYear,Dim1 type,Dim1,Dim1ValueCode,Dim2 type,Dim2,Dim2ValueCode,Dim3 type,Dim3,Dim3ValueCode,DataSourceDimValueCode,DataSource,FactValueNumericPrefix,FactValueNumeric,FactValueUoM,FactValueNumericLowPrefix,FactValueNumericLow,FactValueNumericHighPrefix,FactValueNumericHigh,Value,FactValueTranslationID,FactComments,Language,DateModified
ASSISTIVETECH_SATISFACTIONSERVICES,Satisfaction with assistive products and related services (%),numeric,EUR,Europe,Country,AZE,Azerbaijan,Year,2021,true,Assistive technology product,"Total, excluding spectacles",ASSISTIVETECHPRODUCT_ASSISTIVETECH_TOTAL_NOSPECS,Satisfaction with assistive products and related services,Mainteinance and repair,ASSISTIVETECHSATISERVICE_ASSISTIVETECH_sati_repair,,,,,,,12.35,,,,,,12.4,,,EN,2022-04-29T04:00:00.000Z
ASSISTIVETECH_SATISFACTIONSERVICES,Satisfaction with assistive products and related services (%),numeric,AFR,Africa,Country,LBR,Liberia,Year,2021,true,Assistive technology product,"Total, excluding spectacles",ASSISTIVETECHPRODUCT_ASSISTIVETECH_TOTAL_NOSPECS,Satisfaction with assistive products and related services,Mainteinance and repair,ASSISTIVETECHSATISERVICE_ASSISTIVETECH_sati_repair,,,,,,,16.13,,,,,,16.1,,,EN,2022-05-10T04:00:00.000Z
ASSISTIVETECH_SATISFACTIONSERVICES,Satisfaction with assistive products and related services (%),numeric,AFR,Africa,Country,LBR,Liberia,Year,2021,true,Assistive technology product,Total,ASSISTIVETECHPRODUCT_ASSISTIVETECH_TOTAL,Satisfaction with assistive products and related services,Mainteinance and repair,ASSISTIVETECHSATISERVICE_ASSISTIVETECH_sati_repair,,,,,,,18.06,,,,,,18.1,,,EN,2022-05-10T04:00:00.000Z
ASSISTIVETECH_SATISFACTIONSERVICES,Satisfaction with assistive products and related services (%),numeric,EUR,Europe,Country,AZE,Azerbaijan,Year,2021,true,Assistive technology product,Total,ASSISTIVETECHPRODUCT_ASSISTIVETECH_TOTAL,Satisfaction with assistive products and related services,Mainteinance and repair,ASSISTIVETECHSATISERVICE_ASSISTIVETECH_sati_repair,,,,,,,19.24,,,,,,19.2,,,EN,2022-04-29T04:00:00.000Z
ASSISTIVETECH_SATISFACTIONSERVICES,Satisfaction with assistive products and related services (%),numeric,AFR,Africa,Country,LBR,Liberia,Year,2021,true,Assistive technology product,"Total, excluding spectacles",ASSISTIVETECHPRODUCT_ASSISTIVETECH_TOTAL_NOSPECS,Satisfaction with assistive products and related services,Assessment and training,ASSISTIVETECHSATISERVICE_ASSISTIVETECH_sati_assessment,,,,,,,23.58,,,,,,23.6,,,EN,2022-05-10T04:00:00.000Z
ASSISTIVETECH_SATISFACTIONSERVICES,Satisfaction with assistive products and related services (%),numeric,EUR,Europe,Country,GEO,Georgia,Year,2021,true,Assistive technology product,"Total, excluding spectacles",ASSISTIVETECHPRODUCT_ASSISTIVETECH_TOTAL_NOSPECS,Satisfaction with assistive products and related services,Mainteinance and repair,ASSISTIVETECHSATISERVICE_ASSISTIVETECH_sati_repair,,,,,,,25.22,,,,,,25.2,,,EN,2022-04-29T04:00:00.000Z
ASSISTIVETECH_SATISFACTIONSERVICES,Satisfaction with assistive products and related services (%),numeric,AFR,Africa,Country,SEN,Senegal,Year,2021,true,Assistive technology product,"Total, excluding spectacles",ASSISTIVETECHPRODUCT_ASSISTIVETECH_TOTAL_NOSPECS,Satisfaction with assistive products and related services,Mainteinance and repair,ASSISTIVETECHSATISERVICE_ASSISTIVETECH_sati_repair,,,,,,,27.88,,,,,,27.9,,,EN,2022-05-10T04:00:00.000Z
ASSISTIVETECH_SATISFACTIONSERVICES,Satisfaction with assistive products and related services (%),numeric,EUR,Europe,Country,GEO,Georgia,Year,2021,true,Assistive technology product,Total,ASSISTIVETECHPRODUCT_ASSISTIVETECH_TOTAL,Satisfaction with assistive products and related services,Mainteinance and repair,ASSISTIVETECHSATISERVICE_ASSISTIVETECH_sati_repair,,,,,,,27.98,,,,,,28.0,,,EN,2022-04-29T04:00:00.000Z
ASSISTIVETECH_SATISFACTIONSERVICES,Satisfaction with assistive products and related services (%),numeric,AFR,Africa,Country,SEN,Senegal,Year,2021,true,Assistive technology product,"Total, excluding spectacles",ASSISTIVETECHPRODUCT_ASSISTIVETECH_TOTAL_NOSPECS,Satisfaction with assistive products and related services,Assessment and training,ASSISTIVETECHSATISERVICE_ASSISTIVETECH_sati_assessment,,,,,,,28.43,,,,,,28.4,,,EN,2022-05-10T04:00:00.000Z
ASSISTIVETECH_SATISFACTIONSERVICES,Satisfaction with assistive products and related services (%),numeric,EUR,Europe,Country,UKR,Ukraine,Year,2021,true,Assistive technology product,"Total, excluding spectacles",ASSISTIVETECHPRODUCT_ASSISTIVETECH_TOTAL_NOSPECS,Satisfaction with assistive products and related services,Mainteinance and repair,ASSISTIVETECHSATISERVICE_ASSISTIVETECH_sati_repair,,,,,,,28.94,,,,,,28.9,,,EN,2022-04-29T04:00:00.000Z
ASSISTIVETECH_SATISFACTIONSERVICES,Satisfaction with assistive products and related services (%),numeric,AFR,Africa,Country,SEN,Senegal,Year,2021,true,Assistive technology product,Total,ASSISTIVETECHPRODUCT_ASSISTIVETECH_TOTAL,Satisfaction with assistive products and related services,Mainteinance and repair,ASSISTIVETECHSATISERVICE_ASSISTIVETECH_sati_repair,,,,,,,29.02,,,,,,29,,,EN,2022-05-10T04:00:00.000Z
ASSISTIVETECH_SATISFACTIONSERVICES,Satisfaction with assistive products and related services (%),numeric,EUR,Europe,Country,AZE,Azerbaijan,Year,2021,true,Assistive technology product,"Total, excluding spectacles",ASSISTIVETECHPRODUCT_ASSISTIVETECH_TOTAL_NOSPECS,Satisfaction with assistive products and related services,Assessment and training,ASSISTIVETECHSATISERVICE_ASSISTIVETECH_sati_assessment,,,,,,,29.24,,,,,,29.2,,,EN,2022-04-29T04:00:00.000Z
ASSISTIVETECH_SATISFACTIONSERVICES,Satisfaction with assistive products and related services (%),numeric,AFR,Africa,Country,LBR,Liberia,Year,2021,true,Assistive technology product,Total,ASSISTIVETECHPRODUCT_ASSISTIVETECH_TOTAL,Satisfaction with assistive products and related services,Assessment and training,ASSISTIVETECHSATISERVICE_ASSISTIVETECH_sati_assessment,,,,,,,30.57,,,,,,30.6,,,EN,2022-05-10T04:00:00.000Z
ASSISTIVETECH_SATISFACTIONSERVICES,Satisfaction with assistive products and related services (%),numeric,EUR,Europe,Country,POL,Poland,Year,2021,true,Assistive technology product,"Total, excluding spectacles",ASSISTIVETECHPRODUCT_ASSISTIVETECH_TOTAL_NOSPECS,Satisfaction with assistive products and related services,Mainteinance and repair,ASSISTIVETECHSATISERVICE_ASSISTIVETECH_sati_repair,,,,,,,30.87,,,,,,30.9,,,EN,2022-05-10T04:00:00.000Z
ASSISTIVETECH_SATISFACTIONSERVICES,Satisfaction with assistive products and related services (%),numeric,EUR,Europe,Country,ITA,Italy,Year,2021,true,Assistive technology product,"Total, excluding spectacles",ASSISTIVETECHPRODUCT_ASSISTIVETECH_TOTAL_NOSPECS,Satisfaction with assistive products and related services,Mainteinance and repair,ASSISTIVETECHSATISERVICE_ASSISTIVETECH_sati_repair,,,,,,,32.05,,,,,,32.1,,Survey conducted by AIAS Associazione Italiana Assistenza Spastici della Provincia di Bologna O.N.L.U.S.; Istituto Superiore di Sanità; Fondazione CENSIS; Rete Italiana dei Centri di consulenza su ausili tecnologici per le disabilità (GLIC),EN,2022-04-29T04:00:00.000Z
ASSISTIVETECH_SATISFACTIONSERVICES,Satisfaction with assistive products and related services (%),numeric,AFR,Africa,Country,MWI,Malawi,Year,2021,true,Assistive technology product,"Total, excluding spectacles",ASSISTIVETECHPRODUCT_ASSISTIVETECH_TOTAL_NOSPECS,Satisfaction with assistive products and related services,Mainteinance and repair,ASSISTIVETECHSATISERVICE_ASSISTIVETECH_sati_repair,,,,,,,33.33,,,,,,33.3,,"Survey conducted in Blantyre region. Survey conducted by Centre for Social Research, University of Malawi",EN,2022-04-29T04:00:00.000Z
ASSISTIVETECH_SATISFACTIONSERVICES,Satisfaction with assistive products and related services (%),numeric,AFR,Africa,Country,SEN,Senegal,Year,2021,true,Assistive technology product,Total,ASSISTIVETECHPRODUCT_ASSISTIVETECH_TOTAL,Satisfaction with assistive products and related services,Assessment and training,ASSISTIVETECHSATISERVICE_ASSISTIVETECH_sati_assessment,,,,,,,34.61,,,,,,34.6,,,EN,2022-05-10T04:00:00.000Z
ASSISTIVETECH_SATISFACTIONSERVICES,Satisfaction with assistive products and related services (%),numeric,WPR,Western Pacific,Country,CHN,China,Year,2021,true,Assistive technology product,"Total, excluding spectacles",ASSISTIVETECHPRODUCT_ASSISTIVETECH_TOTAL_NOSPECS,Satisfaction with assistive products and related services,Mainteinance and repair,ASSISTIVETECHSATISERVICE_ASSISTIVETECH_sati_repair,,,,,,,36.01,,,,,,36.0,,"Survey conducted in the following regions: Anhui, Beijing, Fujian, Hubei, Sichuan, Shaanxi. Survey conducted by China Assistive Devices and Technology Center for Persons with Disabilities",EN,2022-04-29T04:00:00.000Z
ASSISTIVETECH_SATISFACTIONSERVICES,Satisfaction with assistive products and related services (%),numeric,EUR,Europe,Country,UKR,Ukraine,Year,2021,true,Assistive technology product,Total,ASSISTIVETECHPRODUCT_ASSISTIVETECH_TOTAL,Satisfaction with assistive products and related services,Mainteinance and repair,ASSISTIVETECHSATISERVICE_ASSISTIVETECH_sati_repair,,,,,,,36.7,,,,,,36.7,,,EN,2022-04-29T04:00:00.000Z
ASSISTIVETECH_SATISFACTIONSERVICES,Satisfaction with assistive products and related services (%),numeric,WPR,Western Pacific,Country,MNG,Mongolia,Year,2021,true,Assistive technology product,"Total, excluding spectacles",ASSISTIVETECHPRODUCT_ASSISTIVETECH_TOTAL_NOSPECS,Satisfaction with assistive products and related services,Mainteinance and repair,ASSISTIVETECHSATISERVICE_ASSISTIVETECH_sati_repair,,,,,,,36.93,,,,,,36.9,,,EN,2022-04-29T04:00:00.000Z
ASSISTIVETECH_SATISFACTIONSERVICES,Satisfaction with assistive products and related services (%),numeric,EUR,Europe,Country,AZE,Azerbaijan,Year,2021,true,Assistive technology product,Total,ASSISTIVETECHPRODUCT_ASSISTIVETECH_TOTAL,Satisfaction with assistive products and related services,Assessment and training,ASSISTIVETECHSATISERVICE_ASSISTIVETECH_sati_assessment,,,,,,,37.64,,,,,,37.6,,,EN,2022-04-29T04:00:00.000Z
ASSISTIVETECH_SATISFACTIONSERVICES,Satisfaction with assistive products and related services (%),numeric,EUR,Europe,Country,ITA,Italy,Year,2021,true,Assistive technology product,Total,ASSISTIVETECHPRODUCT_ASSISTIVETECH_TOTAL,Satisfaction with assistive products and related services,Mainteinance and repair,ASSISTIVETECHSATISERVICE_ASSISTIVETECH_sati_repair,,,,,,,37.82,,,,,,37.8,,Survey conducted by AIAS Associazione Italiana Assistenza Spastici della Provincia di Bologna O.N.L.U.S.; Istituto Superiore di Sanità; Fondazione CENSIS; Rete Italiana dei Centri di consulenza su ausili tecnologici per le disabilità (GLIC),EN,2022-04-29T04:00:00.000Z
ASSISTIVETECH_SATISFACTIONSERVICES,Satisfaction with assistive products and related services (%),numeric,EUR,Europe,Country,POL,Poland,Year,2021,true,Assistive technology product,Total,ASSISTIVETECHPRODUCT_ASSISTIVETECH_TOTAL,Satisfaction with assistive products and related services,Mainteinance and repair,ASSISTIVETECHSATISERVICE_ASSISTIVETECH_sati_repair,,,,,,,38.14,,,,,,38.1,,,EN,2022-05-10T04:00:00.000Z
ASSISTIVETECH_SATISFACTIONSERVICES,Satisfaction with assistive products and related services (%),numeric,AFR,Africa,Country,SEN,Senegal,Year,2021,true,Assistive technology product,"Total, excluding spectacles",ASSISTIVETECHPRODUCT_ASSISTIVETECH_TOTAL_NOSPECS,Satisfaction with assistive products and related services,Assistive product(s),ASSISTIVETECHSATISERVICE_ASSISTIVETECH_sati_APs,,,,,,,38.83,,,,,,38.8,,,EN,2022-05-10T04:00:00.000Z
ASSISTIVETECH_SATISFACTIONSERVICES,Satisfaction with assistive products and related services (%),numeric,AFR,Africa,Country,MWI,Malawi,Year,2021,true,Assistive technology product,Total,ASSISTIVETECHPRODUCT_ASSISTIVETECH_TOTAL,Satisfaction with assistive products and related services,Mainteinance and repair,ASSISTIVETECHSATISERVICE_ASSISTIVETECH_sati_repair,,,,,,,39.93,,,,,,39.9,,"Survey conducted in Blantyre region. Survey conducted by Centre for Social Research, University of Malawi",EN,2022-04-29T04:00:00.000Z
ASSISTIVETECH_SATISFACTIONSERVICES,Satisfaction with assistive products and related services (%),numeric,AFR,Africa,Country,SEN,Senegal,Year,2021,true,Assistive technology product,Total,ASSISTIVETECHPRODUCT_ASSISTIVETECH_TOTAL,Satisfaction with assistive products and related services,Assistive product(s),ASSISTIVETECHSATISERVICE_ASSISTIVETECH_sati_APs,,,,,,,40.29,,,,,,40.3,,,EN,2022-05-10T04:00:00.000Z
ASSISTIVETECH_SATISFACTIONSERVICES,Satisfaction with assistive products and related services (%),numeric,EUR,Europe,Country,AZE,Azerbaijan,Year,2021,true,Assistive technology product,"Total, excluding spectacles",ASSISTIVETECHPRODUCT_ASSISTIVETECH_TOTAL_NOSPECS,Satisfaction with assistive products and related services,Assistive product(s),ASSISTIVETECHSATISERVICE_ASSISTIVETECH_sati_APs,,,,,,,41.07,,,,,,41.1,,,EN,2022-04-29T04:00:00.000Z
ASSISTIVETECH_SATISFACTIONSERVICES,Satisfaction with assistive products and related services (%),numeric,AFR,Africa,Country,TGO,Togo,Year,2021,true,Assistive technology product,"Total, excluding spectacles",ASSISTIVETECHPRODUCT_ASSISTIVETECH_TOTAL_NOSPECS,Satisfaction with assistive products and related services,Mainteinance and repair,ASSISTIVETECHSATISERVICE_ASSISTIVETECH_sati_repair,,,,,,,41.27,,,,,,41.3,,,EN,2022-05-10T04:00:00.000Z
ASSISTIVETECH_SATISFACTIONSERVICES,Satisfaction with assistive products and related services (%),numeric,AMR,Americas,Country,DOM,Dominican Republic,Year,2021,true,Assistive technology product,"Total, excluding spectacles",ASSISTIVETECHPRODUCT_ASSISTIVETECH_TOTAL_NOSPECS,Satisfaction with assistive products and related services,Mainteinance and repair,ASSISTIVETECHSATISERVICE_ASSISTIVETECH_sati_repair,,,,,,,43.36,,,,,,43.4,,,EN,2022-04-29T04:00:00.000Z
ASSISTIVETECH_SATISFACTIONSERVICES,Satisfaction with assistive products and related services (%),numeric,EUR,Europe,Country,GEO,Georgia,Year,2021,true,Assistive technology product,"Total, excluding spectacles",ASSISTIVETECHPRODUCT_ASSISTIVETECH_TOTAL_NOSPECS,Satisfaction with assistive products and related services,Assessment and training,ASSISTIVETECHSATISERVICE_ASSISTIVETECH_sati_assessment,,,,,,,43.95,,,,,,44.0,,,EN,2022-04-29T04:00:00.000Z
ASSISTIVETECH_SATISFACTIONSERVICES,Satisfaction with assistive products and related services (%),numeric,AMR,Americas,Country,GTM,Guatemala,Year,2021,true,Assistive technology product,"Total, excluding spectacles",ASSISTIVETECHPRODUCT_ASSISTIVETECH_TOTAL_NOSPECS,Satisfaction with assistive products and related services,Assessment and training,ASSISTIVETECHSATISERVICE_ASSISTIVETECH_sati_assessment,,,,,,,44.23,,,,,,44.2,,Survey conducted in Solola region. Survey conducted by Stichting Liliane Fonds,EN,2022-04-29T04:00:00.000Z
ASSISTIVETECH_SATISFACTIONSERVICES,Satisfaction with assistive products and related services (%),numeric,AMR,Americas,Country,GTM,Guatemala,Year,2021,true,Assistive technology product,"Total, excluding spectacles",ASSISTIVETECHPRODUCT_ASSISTIVETECH_TOTAL_NOSPECS,Satisfaction with assistive products and related services,Mainteinance and repair,ASSISTIVETECHSATISERVICE_ASSISTIVETECH_sati_repair,,,,,,,44.23,,,,,,44.2,,Survey conducted in Solola region. Survey conducted by Stichting Liliane Fonds,EN,2022-04-29T04:00:00.000Z
ASSISTIVETECH_SATISFACTIONSERVICES,Satisfaction with assistive products and related services (%),numeric,EMR,Eastern Mediterranean,Country,IRQ,Iraq,Year,2021,true,Assistive technology product,"Total, excluding spectacles",ASSISTIVETECHPRODUCT_ASSISTIVETECH_TOTAL_NOSPECS,Satisfaction with assistive products and related services,Mainteinance and repair,ASSISTIVETECHSATISERVICE_ASSISTIVETECH_sati_repair,,,,,,,44.66,,,,,,44.7,,,EN,2022-04-29T04:00:00.000Z
ASSISTIVETECH_SATISFACTIONSERVICES,Satisfaction with assistive products and related services (%),numeric,AMR,Americas,Country,GTM,Guatemala,Year,2021,true,Assistive technology product,Total,ASSISTIVETECHPRODUCT_ASSISTIVETECH_TOTAL,Satisfaction with assistive products and related services,Mainteinance and repair,ASSISTIVETECHSATISERVICE_ASSISTIVETECH_sati_repair,,,,,,,46.01,,,,,,46.0,,Survey conducted in Solola region. Survey conducted by Stichting Liliane Fonds,EN,2022-04-29T04:00:00.000Z
ASSISTIVETECH_SATISFACTIONSERVICES,Satisfaction with assistive products and related services (%),numeric,WPR,Western Pacific,Country,CHN,China,Year,2021,true,Assistive technology product,"Total, excluding spectacles",ASSISTIVETECHPRODUCT_ASSISTIVETECH_TOTAL_NOSPECS,Satisfaction with assistive products and related services,Assessment and training,ASSISTIVETECHSATISERVICE_ASSISTIVETECH_sati_assessment,,,,,,,46.06,,,,,,46.1,,"Survey conducted in the following regions: Anhui, Beijing, Fujian, Hubei, Sichuan, Shaanxi. Survey conducted by China Assistive Devices and Technology Center for Persons with Disabilities",EN,2022-04-29T04:00:00.000Z
ASSISTIVETECH_SATISFACTIONSERVICES,Satisfaction with assistive products and related services (%),numeric,SEAR,South-East Asia,Country,MDV,Maldives,Year,2021,true,Assistive technology product,"Total, excluding spectacles",ASSISTIVETECHPRODUCT_ASSISTIVETECH_TOTAL_NOSPECS,Satisfaction with assistive products and related services,Mainteinance and repair,ASSISTIVETECHSATISERVICE_ASSISTIVETECH_sati_repair,,,,,,,46.24,,,,,,46.2,,,EN,2022-04-29T04:00:00.000Z
ASSISTIVETECH_SATISFACTIONSERVICES,Satisfaction with assistive products and related services (%),numeric,AMR,Americas,Country,GTM,Guatemala,Year,2021,true,Assistive technology product,Total,ASSISTIVETECHPRODUCT_ASSISTIVETECH_TOTAL,Satisfaction with assistive products and related services,Assessment and training,ASSISTIVETECHSATISERVICE_ASSISTIVETECH_sati_assessment,,,,,,,46.95,,,,,,46.9,,Survey conducted in Solola region. Survey conducted by Stichting Liliane Fonds,EN,2022-04-29T04:00:00.000Z
ASSISTIVETECH_SATISFACTIONSERVICES,Satisfaction with assistive products and related services (%),numeric,AFR,Africa,Country,KEN,Kenya,Year,2021,true,Assistive technology product,"Total, excluding spectacles",ASSISTIVETECHPRODUCT_ASSISTIVETECH_TOTAL_NOSPECS,Satisfaction with assistive products and related services,Mainteinance and repair,ASSISTIVETECHSATISERVICE_ASSISTIVETECH_sati_repair,,,,,,,47.14,,,,,,47.1,,,EN,2022-05-10T04:00:00.000Z
ASSISTIVETECH_SATISFACTIONSERVICES,Satisfaction with assistive products and related services (%),numeric,EUR,Europe,Country,AZE,Azerbaijan,Year,2021,true,Assistive technology product,Total,ASSISTIVETECHPRODUCT_ASSISTIVETECH_TOTAL,Satisfaction with assistive products and related services,Assistive product(s),ASSISTIVETECHSATISERVICE_ASSISTIVETECH_sati_APs,,,,,,,47.68,,,,,,47.7,,,EN,2022-04-29T04:00:00.000Z
ASSISTIVETECH_SATISFACTIONSERVICES,Satisfaction with assistive products and related services (%),numeric,SEAR,South-East Asia,Country,NPL,Nepal,Year,2021,true,Assistive technology product,"Total, excluding spectacles",ASSISTIVETECHPRODUCT_ASSISTIVETECH_TOTAL_NOSPECS,Satisfaction with assistive products and related services,Assessment and training,ASSISTIVETECHSATISERVICE_ASSISTIVETECH_sati_assessment,,,,,,,48.41,,,,,,48.4,,,EN,2022-04-29T04:00:00.000Z
ASSISTIVETECH_SATISFACTIONSERVICES,Satisfaction with assistive products and related services (%),numeric,AFR,Africa,Country,BFA,Burkina Faso,Year,2021,true,Assistive technology product,"Total, excluding spectacles",ASSISTIVETECHPRODUCT_ASSISTIVETECH_TOTAL_NOSPECS,Satisfaction with assistive products and related services,Assessment and training,ASSISTIVETECHSATISERVICE_ASSISTIVETECH_sati_assessment,,,,,,,48.46,,,,,,48.5,,,EN,2022-05-10T04:00:00.000Z
ASSISTIVETECH_SATISFACTIONSERVICES,Satisfaction with assistive products and related services (%),numeric,AMR,Americas,Country,DOM,Dominican Republic,Year,2021,true,Assistive technology product,Total,ASSISTIVETECHPRODUCT_ASSISTIVETECH_TOTAL,Satisfaction with assistive products and related services,Mainteinance and repair,ASSISTIVETECHSATISERVICE_ASSISTIVETECH_sati_repair,,,,,,,48.64,,,,,,48.6,,,EN,2022-04-29T04:00:00.000Z
ASSISTIVETECH_SATISFACTIONSERVICES,Satisfaction with assistive products and related services (%),numeric,AFR,Africa,Country,KEN,Kenya,Year,2021,true,Assistive technology product,Total,ASSISTIVETECHPRODUCT_ASSISTIVETECH_TOTAL,Satisfaction with assistive products and related services,Mainteinance and repair,ASSISTIVETECHSATISERVICE_ASSISTIVETECH_sati_repair,,,,,,,48.66,,,,,,48.7,,,EN,2022-05-10T04:00:00.000Z
ASSISTIVETECH_SATISFACTIONSERVICES,Satisfaction with assistive products and related services (%),numeric,EMR,Eastern Mediterranean,Country,IRQ,Iraq,Year,2021,true,Assistive technology product,"Total, excluding spectacles",ASSISTIVETECHPRODUCT_ASSISTIVETECH_TOTAL_NOSPECS,Satisfaction with assistive products and related services,Assessment and training,ASSISTIVETECHSATISERVICE_ASSISTIVETECH_sati_assessment,,,,,,,48.77,,,,,,48.8,,,EN,2022-04-29T04:00:00.000Z
ASSISTIVETECH_SATISFACTIONSERVICES,Satisfaction with assistive products and related services (%),numeric,SEAR,South-East Asia,Country,NPL,Nepal,Year,2021,true,Assistive technology product,"Total, excluding spectacles",ASSISTIVETECHPRODUCT_ASSISTIVETECH_TOTAL_NOSPECS,Satisfaction with assistive products and related services,Mainteinance and repair,ASSISTIVETECHSATISERVICE_ASSISTIVETECH_sati_repair,,,,,,,49.01,,,,,,49.0,,,EN,2022-04-29T04:00:00.000Z
ASSISTIVETECH_SATISFACTIONSERVICES,Satisfaction with assistive products and related services (%),numeric,AFR,Africa,Country,BFA,Burkina Faso,Year,2021,true,Assistive technology product,"Total, excluding spectacles",ASSISTIVETECHPRODUCT_ASSISTIVETECH_TOTAL_NOSPECS,Satisfaction with assistive products and related services,Mainteinance and repair,ASSISTIVETECHSATISERVICE_ASSISTIVETECH_sati_repair,,,,,,,49.23,,,,,,49.2,,,EN,2022-05-10T04:00:00.000Z
ASSISTIVETECH_SATISFACTIONSERVICES,Satisfaction with assistive products and related services (%),numeric,AFR,Africa,Country,LBR,Liberia,Year,2021,true,Assistive technology product,"Total, excluding spectacles",ASSISTIVETECHPRODUCT_ASSISTIVETECH_TOTAL_NOSPECS,Satisfaction with assistive products and related services,Assistive product(s),ASSISTIVETECHSATISERVICE_ASSISTIVETECH_sati_APs,,,,,,,49.19,,,,,,49.2,,,EN,2022-05-10T04:00:00.000Z
ASSISTIVETECH_SATISFACTIONSERVICES,Satisfaction with assistive products and related services (%),numeric,EMR,Eastern Mediterranean,Country,IRQ,Iraq,Year,2021,true,Assistive technology product,Total,ASSISTIVETECHPRODUCT_ASSISTIVETECH_TOTAL,Satisfaction with assistive products and related services,Mainteinance and repair,ASSISTIVETECHSATISERVICE_ASSISTIVETECH_sati_repair,,,,,,,49.64,,,,,,49.6,,,EN,2022-04-29T04:00:00.000Z
ASSISTIVETECH_SATISFACTIONSERVICES,Satisfaction with assistive products and related services (%),numeric,AFR,Africa,Country,MWI,Malawi,Year,2021,true,Assistive technology product,"Total, excluding spectacles",ASSISTIVETECHPRODUCT_ASSISTIVETECH_TOTAL_NOSPECS,Satisfaction with assistive products and related services,Assessment and training,ASSISTIVETECHSATISERVICE_ASSISTIVETECH_sati_assessment,,,,,,,49.57,,,,,,49.6,,"Survey conducted in Blantyre region. Survey conducted by Centre for Social Research, University of Malawi",EN,2022-04-29T04:00:00.000Z
ASSISTIVETECH_SATISFACTIONSERVICES,Satisfaction with assistive products and related services (%),numeric,AFR,Africa,Country,TGO,Togo,Year,2021,true,Assistive technology product,Total,ASSISTIVETECHPRODUCT_ASSISTIVETECH_TOTAL,Satisfaction with assistive products and related services,Mainteinance and repair,ASSISTIVETECHSATISERVICE_ASSISTIVETECH_sati_repair,,,,,,,49.7,,,,,,49.7,,,EN,2022-05-10T04:00:00.000Z
ASSISTIVETECH_SATISFACTIONSERVICES,Satisfaction with assistive products and related services (%),numeric,EUR,Europe,Country,UKR,Ukraine,Year,2021,true,Assistive technology product,"Total, excluding spectacles",ASSISTIVETECHPRODUCT_ASSISTIVETECH_TOTAL_NOSPECS,Satisfaction with assistive products and related services,Assessment and training,ASSISTIVETECHSATISERVICE_ASSISTIVETECH_sati_assessment,,,,,,,49.81,,,,,,49.8,,,EN,2022-04-29T04:00:00.000Z
ASSISTIVETECH_SATISFACTIONSERVICES,Satisfaction with assistive products and related services (%),numeric,EUR,Europe,Country,TJK,Tajikistan,Year,2021,true,Assistive technology product,"Total, excluding spectacles",ASSISTIVETECHPRODUCT_ASSISTIVETECH_TOTAL_NOSPECS,Satisfaction with assistive products and related services,Mainteinance and repair,ASSISTIVETECHSATISERVICE_ASSISTIVETECH_sati_repair,,,,,,,50,,,,,,50.0,,Survey conducted in Sughd region,EN,2022-04-29T04:00:00.000Z
ASSISTIVETECH_SATISFACTIONSERVICES,Satisfaction with assistive products and related services (%),numeric,AFR,Africa,Country,LBR,Liberia,Year,2021,true,Assistive technology product,Total,ASSISTIVETECHPRODUCT_ASSISTIVETECH_TOTAL,Satisfaction with assistive products and related services,Assistive product(s),ASSISTIVETECHSATISERVICE_ASSISTIVETECH_sati_APs,,,,,,,50.22,,,,,,50.2,,,EN,2022-05-10T04:00:00.000Z
ASSISTIVETECH_SATISFACTIONSERVICES,Satisfaction with assistive products and related services (%),numeric,EUR,Europe,Country,SWE,Sweden,Year,2021,true,Assistive technology product,Total,ASSISTIVETECHPRODUCT_ASSISTIVETECH_TOTAL,Satisfaction with assistive products and related services,Mainteinance and repair,ASSISTIVETECHSATISERVICE_ASSISTIVETECH_sati_repair,,,,,,,50.8,,,,,,50.8,,Survey conducted by Dalarna University,EN,2022-04-29T04:00:00.000Z
ASSISTIVETECH_SATISFACTIONSERVICES,Satisfaction with assistive products and related services (%),numeric,WPR,Western Pacific,Country,CHN,China,Year,2021,true,Assistive technology product,Total,ASSISTIVETECHPRODUCT_ASSISTIVETECH_TOTAL,Satisfaction with assistive products and related services,Mainteinance and repair,ASSISTIVETECHSATISERVICE_ASSISTIVETECH_sati_repair,,,,,,,50.96,,,,,,51.0,,"Survey conducted in the following regions: Anhui, Beijing, Fujian, Hubei, Sichuan, Shaanxi. Survey conducted by China Assistive Devices and Technology Center for Persons with Disabilities",EN,2022-04-29T04:00:00.000Z
ASSISTIVETECH_SATISFACTIONSERVICES,Satisfaction with assistive products and related services (%),numeric,WPR,Western Pacific,Country,MNG,Mongolia,Year,2021,true,Assistive technology product,Total,ASSISTIVETECHPRODUCT_ASSISTIVETECH_TOTAL,Satisfaction with assistive products and related services,Mainteinance and repair,ASSISTIVETECHSATISERVICE_ASSISTIVETECH_sati_repair,,,,,,,51.36,,,,,,51.4,,,EN,2022-04-29T04:00:00.000Z
ASSISTIVETECH_SATISFACTIONSERVICES,Satisfaction with assistive products and related services (%),numeric,EUR,Europe,Country,SWE,Sweden,Year,2021,true,Assistive technology product,"Total, excluding spectacles",ASSISTIVETECHPRODUCT_ASSISTIVETECH_TOTAL_NOSPECS,Satisfaction with assistive products and related services,Mainteinance and repair,ASSISTIVETECHSATISERVICE_ASSISTIVETECH_sati_repair,,,,,,,51.72,,,,,,51.7,,Survey conducted by Dalarna University,EN,2022-04-29T04:00:00.000Z
ASSISTIVETECH_SATISFACTIONSERVICES,Satisfaction with assistive products and related services (%),numeric,WPR,Western Pacific,Country,MNG,Mongolia,Year,2021,true,Assistive technology product,"Total, excluding spectacles",ASSISTIVETECHPRODUCT_ASSISTIVETECH_TOTAL_NOSPECS,Satisfaction with assistive products and related services,Assessment and training,ASSISTIVETECHSATISERVICE_ASSISTIVETECH_sati_assessment,,,,,,,51.79,,,,,,51.8,,,EN,2022-04-29T04:00:00.000Z
ASSISTIVETECH_SATISFACTIONSERVICES,Satisfaction with assistive products and related services (%),numeric,SEAR,South-East Asia,Country,MDV,Maldives,Year,2021,true,Assistive technology product,"Total, excluding spectacles",ASSISTIVETECHPRODUCT_ASSISTIVETECH_TOTAL_NOSPECS,Satisfaction with assistive products and related services,Assessment and training,ASSISTIVETECHSATISERVICE_ASSISTIVETECH_sati_assessment,,,,,,,52.02,,,,,,52.0,,,EN,2022-04-29T04:00:00.000Z
ASSISTIVETECH_SATISFACTIONSERVICES,Satisfaction with assistive products and related services (%),numeric,EUR,Europe,Country,UKR,Ukraine,Year,2021,true,Assistive technology product,Total,ASSISTIVETECHPRODUCT_ASSISTIVETECH_TOTAL,Satisfaction with assistive products and related services,Assessment and training,ASSISTIVETECHSATISERVICE_ASSISTIVETECH_sati_assessment,,,,,,,52.02,,,,,,52.0,,,EN,2022-04-29T04:00:00.000Z
ASSISTIVETECH_SATISFACTIONSERVICES,Satisfaction with assistive products and related services (%),numeric,EUR,Europe,Country,ITA,Italy,Year,2021,true,Assistive technology product,"Total, excluding spectacles",ASSISTIVETECHPRODUCT_ASSISTIVETECH_TOTAL_NOSPECS,Satisfaction with assistive products and related services,Assessment and training,ASSISTIVETECHSATISERVICE_ASSISTIVETECH_sati_assessment,,,,,,,52.1,,,,,,52.1,,Survey conducted by AIAS Associazione Italiana Assistenza Spastici della Provincia di Bologna O.N.L.U.S.; Istituto Superiore di Sanità; Fondazione CENSIS; Rete Italiana dei Centri di consulenza su ausili tecnologici per le disabilità (GLIC),EN,2022-04-29T04:00:00.000Z
ASSISTIVETECH_SATISFACTIONSERVICES,Satisfaction with assistive products and related services (%),numeric,EUR,Europe,Country,TJK,Tajikistan,Year,2021,true,Assistive technology product,"Total, excluding spectacles",ASSISTIVETECHPRODUCT_ASSISTIVETECH_TOTAL_NOSPECS,Satisfaction with assistive products and related services,Assistive product(s),ASSISTIVETECHSATISERVICE_ASSISTIVETECH_sati_APs,,,,,,,52.38,,,,,,52.4,,Survey conducted in Sughd region,EN,2022-04-29T04:00:00.000Z
ASSISTIVETECH_SATISFACTIONSERVICES,Satisfaction with assistive products and related services (%),numeric,EUR,Europe,Country,GEO,Georgia,Year,2021,true,Assistive technology product,Total,ASSISTIVETECHPRODUCT_ASSISTIVETECH_TOTAL,Satisfaction with assistive products and related services,Assessment and training,ASSISTIVETECHSATISERVICE_ASSISTIVETECH_sati_assessment,,,,,,,52.95,,,,,,53.0,,,EN,2022-04-29T04:00:00.000Z
ASSISTIVETECH_SATISFACTIONSERVICES,Satisfaction with assistive products and related services (%),numeric,EMR,Eastern Mediterranean,Country,IRQ,Iraq,Year,2021,true,Assistive technology product,Total,ASSISTIVETECHPRODUCT_ASSISTIVETECH_TOTAL,Satisfaction with assistive products and related services,Assessment and training,ASSISTIVETECHSATISERVICE_ASSISTIVETECH_sati_assessment,,,,,,,53.43,,,,,,53.4,,,EN,2022-04-29T04:00:00.000Z
ASSISTIVETECH_SATISFACTIONSERVICES,Satisfaction with assistive products and related services (%),numeric,SEAR,South-East Asia,Country,MMR,Myanmar,Year,2021,true,Assistive technology product,"Total, excluding spectacles",ASSISTIVETECHPRODUCT_ASSISTIVETECH_TOTAL_NOSPECS,Satisfaction with assistive products and related services,Mainteinance and repair,ASSISTIVETECHSATISERVICE_ASSISTIVETECH_sati_repair,,,,,,,53.67,,,,,,53.7,,,EN,2022-04-29T04:00:00.000Z
ASSISTIVETECH_SATISFACTIONSERVICES,Satisfaction with assistive products and related services (%),numeric,AFR,Africa,Country,BFA,Burkina Faso,Year,2021,true,Assistive technology product,Total,ASSISTIVETECHPRODUCT_ASSISTIVETECH_TOTAL,Satisfaction with assistive products and related services,Mainteinance and repair,ASSISTIVETECHSATISERVICE_ASSISTIVETECH_sati_repair,,,,,,,54.03,,,,,,54,,,EN,2022-05-10T04:00:00.000Z
ASSISTIVETECH_SATISFACTIONSERVICES,Satisfaction with assistive products and related services (%),numeric,SEAR,South-East Asia,Country,NPL,Nepal,Year,2021,true,Assistive technology product,Total,ASSISTIVETECHPRODUCT_ASSISTIVETECH_TOTAL,Satisfaction with assistive products and related services,Assessment and training,ASSISTIVETECHSATISERVICE_ASSISTIVETECH_sati_assessment,,,,,,,54.23,,,,,,54.2,,,EN,2022-04-29T04:00:00.000Z
ASSISTIVETECH_SATISFACTIONSERVICES,Satisfaction with assistive products and related services (%),numeric,AFR,Africa,Country,MWI,Malawi,Year,2021,true,Assistive technology product,"Total, excluding spectacles",ASSISTIVETECHPRODUCT_ASSISTIVETECH_TOTAL_NOSPECS,Satisfaction with assistive products and related services,Assistive product(s),ASSISTIVETECHSATISERVICE_ASSISTIVETECH_sati_APs,,,,,,,54.7,,,,,,54.7,,"Survey conducted in Blantyre region. Survey conducted by Centre for Social Research, University of Malawi",EN,2022-04-29T04:00:00.000Z
ASSISTIVETECH_SATISFACTIONSERVICES,Satisfaction with assistive products and related services (%),numeric,SEAR,South-East Asia,Country,MMR,Myanmar,Year,2021,true,Assistive technology product,"Total, excluding spectacles",ASSISTIVETECHPRODUCT_ASSISTIVETECH_TOTAL_NOSPECS,Satisfaction with assistive products and related services,Assessment and training,ASSISTIVETECHSATISERVICE_ASSISTIVETECH_sati_assessment,,,,,,,54.7,,,,,,54.7,,,EN,2022-04-29T04:00:00.000Z
ASSISTIVETECH_SATISFACTIONSERVICES,Satisfaction with assistive products and related services (%),numeric,EUR,Europe,Country,TJK,Tajikistan,Year,2021,true,Assistive technology product,"Total, excluding spectacles",ASSISTIVETECHPRODUCT_ASSISTIVETECH_TOTAL_NOSPECS,Satisfaction with assistive products and related services,Assessment and training,ASSISTIVETECHSATISERVICE_ASSISTIVETECH_sati_assessment,,,,,,,54.76,,,,,,54.8,,Survey conducted in Sughd region,EN,2022-04-29T04:00:00.000Z
ASSISTIVETECH_SATISFACTIONSERVICES,Satisfaction with assistive products and related services (%),numeric,AFR,Africa,Country,BFA,Burkina Faso,Year,2021,true,Assistive technology product,Total,ASSISTIVETECHPRODUCT_ASSISTIVETECH_TOTAL,Satisfaction with assistive products and related services,Assessment and training,ASSISTIVETECHSATISERVICE_ASSISTIVETECH_sati_assessment,,,,,,,55.99,,,,,,56,,,EN,2022-05-10T04:00:00.000Z
ASSISTIVETECH_SATISFACTIONSERVICES,Satisfaction with assistive products and related services (%),numeric,EUR,Europe,Country,GEO,Georgia,Year,2021,true,Assistive technology product,"Total, excluding spectacles",ASSISTIVETECHPRODUCT_ASSISTIVETECH_TOTAL_NOSPECS,Satisfaction with assistive products and related services,Assistive product(s),ASSISTIVETECHSATISERVICE_ASSISTIVETECH_sati_APs,,,,,,,56.21,,,,,,56.2,,,EN,2022-04-29T04:00:00.000Z
ASSISTIVETECH_SATISFACTIONSERVICES,Satisfaction with assistive products and related services (%),numeric,SEAR,South-East Asia,Country,MDV,Maldives,Year,2021,true,Assistive technology product,Total,ASSISTIVETECHPRODUCT_ASSISTIVETECH_TOTAL,Satisfaction with assistive products and related services,Assessment and training,ASSISTIVETECHSATISERVICE_ASSISTIVETECH_sati_assessment,,,,,,,56.63,,,,,,56.6,,,EN,2022-04-29T04:00:00.000Z
ASSISTIVETECH_SATISFACTIONSERVICES,Satisfaction with assistive products and related services (%),numeric,AFR,Africa,Country,MWI,Malawi,Year,2021,true,Assistive technology product,Total,ASSISTIVETECHPRODUCT_ASSISTIVETECH_TOTAL,Satisfaction with assistive products and related services,Assessment and training,ASSISTIVETECHSATISERVICE_ASSISTIVETECH_sati_assessment,,,,,,,56.78,,,,,,56.8,,"Survey conducted in Blantyre region. Survey conducted by Centre for Social Research, University of Malawi",EN,2022-04-29T04:00:00.000Z
ASSISTIVETECH_SATISFACTIONSERVICES,Satisfaction with assistive products and related services (%),numeric,AFR,Africa,Country,TGO,Togo,Year,2021,true,Assistive technology product,"Total, excluding spectacles",ASSISTIVETECHPRODUCT_ASSISTIVETECH_TOTAL_NOSPECS,Satisfaction with assistive products and related services,Assessment and training,ASSISTIVETECHSATISERVICE_ASSISTIVETECH_sati_assessment,,,,,,,57.14,,,,,,57.1,,,EN,2022-05-10T04:00:00.000Z
ASSISTIVETECH_SATISFACTIONSERVICES,Satisfaction with assistive products and related services (%),numeric,EMR,Eastern Mediterranean,Country,IRQ,Iraq,Year,2021,true,Assistive technology product,"Total, excluding spectacles",ASSISTIVETECHPRODUCT_ASSISTIVETECH_TOTAL_NOSPECS,Satisfaction with assistive products and related services,Assistive product(s),ASSISTIVETECHSATISERVICE_ASSISTIVETECH_sati_APs,,,,,,,57.55,,,,,,57.6,,,EN,2022-04-29T04:00:00.000Z
ASSISTIVETECH_SATISFACTIONSERVICES,Satisfaction with assistive products and related services (%),numeric,SEAR,South-East Asia,Country,MDV,Maldives,Year,2021,true,Assistive technology product,Total,ASSISTIVETECHPRODUCT_ASSISTIVETECH_TOTAL,Satisfaction with assistive products and related services,Mainteinance and repair,ASSISTIVETECHSATISERVICE_ASSISTIVETECH_sati_repair,,,,,,,57.83,,,,,,57.8,,,EN,2022-04-29T04:00:00.000Z
ASSISTIVETECH_SATISFACTIONSERVICES,Satisfaction with assistive products and related services (%),numeric,AMR,Americas,Country,DOM,Dominican Republic,Year,2021,true,Assistive technology product,"Total, excluding spectacles",ASSISTIVETECHPRODUCT_ASSISTIVETECH_TOTAL_NOSPECS,Satisfaction with assistive products and related services,Assessment and training,ASSISTIVETECHSATISERVICE_ASSISTIVETECH_sati_assessment,,,,,,,57.93,,,,,,57.9,,,EN,2022-04-29T04:00:00.000Z
ASSISTIVETECH_SATISFACTIONSERVICES,Satisfaction with assistive products and related services (%),numeric,EUR,Europe,Country,ITA,Italy,Year,2021,true,Assistive technology product,Total,ASSISTIVETECHPRODUCT_ASSISTIVETECH_TOTAL,Satisfaction with assistive products and related services,Assessment and training,ASSISTIVETECHSATISERVICE_ASSISTIVETECH_sati_assessment,,,,,,,58.31,,,,,,58.3,,Survey conducted by AIAS Associazione Italiana Assistenza Spastici della Provincia di Bologna O.N.L.U.S.; Istituto Superiore di Sanità; Fondazione CENSIS; Rete Italiana dei Centri di consulenza su ausili tecnologici per le disabilità (GLIC),EN,2022-04-29T04:00:00.000Z
ASSISTIVETECH_SATISFACTIONSERVICES,Satisfaction with assistive products and related services (%),numeric,AFR,Africa,Country,TGO,Togo,Year,2021,true,Assistive technology product,"Total, excluding spectacles",ASSISTIVETECHPRODUCT_ASSISTIVETECH_TOTAL_NOSPECS,Satisfaction with assistive products and related services,Assistive product(s),ASSISTIVETECHSATISERVICE_ASSISTIVETECH_sati_APs,,,,,,,58.73,,,,,,58.7,,,EN,2022-05-10T04:00:00.000Z
ASSISTIVETECH_SATISFACTIONSERVICES,Satisfaction with assistive products and related services (%),numeric,WPR,Western Pacific,Country,CHN,China,Year,2021,true,Assistive technology product,Total,ASSISTIVETECHPRODUCT_ASSISTIVETECH_TOTAL,Satisfaction with assistive products and related services,Assessment and training,ASSISTIVETECHSATISERVICE_ASSISTIVETECH_sati_assessment,,,,,,,59.28,,,,,,59.3,,"Survey conducted in the following regions: Anhui, Beijing, Fujian, Hubei, Sichuan, Shaanxi. Survey conducted by China Assistive Devices and Technology Center for Persons with Disabilities",EN,2022-04-29T04:00:00.000Z
ASSISTIVETECH_SATISFACTIONSERVICES,Satisfaction with assistive products and related services (%),numeric,SEAR,South-East Asia,Country,MMR,Myanmar,Year,2021,true,Assistive technology product,"Total, excluding spectacles",ASSISTIVETECHPRODUCT_ASSISTIVETECH_TOTAL_NOSPECS,Satisfaction with assistive products and related services,Assistive product(s),ASSISTIVETECHSATISERVICE_ASSISTIVETECH_sati_APs,,,,,,,59.27,,,,,,59.3,,,EN,2022-04-29T04:00:00.000Z
ASSISTIVETECH_SATISFACTIONSERVICES,Satisfaction with assistive products and related services (%),numeric,AFR,Africa,Country,KEN,Kenya,Year,2021,true,Assistive technology product,"Total, excluding spectacles",ASSISTIVETECHPRODUCT_ASSISTIVETECH_TOTAL_NOSPECS,Satisfaction with assistive products and related services,Assessment and training,ASSISTIVETECHSATISERVICE_ASSISTIVETECH_sati_assessment,,,,,,,59.71,,,,,,59.7,,,EN,2022-05-10T04:00:00.000Z
ASSISTIVETECH_SATISFACTIONSERVICES,Satisfaction with assistive products and related services (%),numeric,WPR,Western Pacific,Country,MNG,Mongolia,Year,2021,true,Assistive technology product,Total,ASSISTIVETECHPRODUCT_ASSISTIVETECH_TOTAL,Satisfaction with assistive products and related services,Assessment and training,ASSISTIVETECHSATISERVICE_ASSISTIVETECH_sati_assessment,,,,,,,60.05,,,,,,60.1,,,EN,2022-04-29T04:00:00.000Z
ASSISTIVETECH_SATISFACTIONSERVICES,Satisfaction with assistive products and related services (%),numeric,SEAR,South-East Asia,Country,MMR,Myanmar,Year,2021,true,Assistive technology product,Total,ASSISTIVETECHPRODUCT_ASSISTIVETECH_TOTAL,Satisfaction with assistive products and related services,Mainteinance and repair,ASSISTIVETECHSATISERVICE_ASSISTIVETECH_sati_repair,,,,,,,60.55,,,,,,60.5,,,EN,2022-04-29T04:00:00.000Z
ASSISTIVETECH_SATISFACTIONSERVICES,Satisfaction with assistive products and related services (%),numeric,AFR,Africa,Country,KEN,Kenya,Year,2021,true,Assistive technology product,Total,ASSISTIVETECHPRODUCT_ASSISTIVETECH_TOTAL,Satisfaction with assistive products and related services,Assessment and training,ASSISTIVETECHSATISERVICE_ASSISTIVETECH_sati_assessment,,,,,,,61.92,,,,,,61.9,,,EN,2022-05-10T04:00:00.000Z
ASSISTIVETECH_SATISFACTIONSERVICES,Satisfaction with assistive products and related services (%),numeric,AFR,Africa,Country,MWI,Malawi,Year,2021,true,Assistive technology product,Total,ASSISTIVETECHPRODUCT_ASSISTIVETECH_TOTAL,Satisfaction with assistive products and related services,Assistive product(s),ASSISTIVETECHSATISERVICE_ASSISTIVETECH_sati_APs,,,,,,,61.9,,,,,,61.9,,"Survey conducted in Blantyre region. Survey conducted by Centre for Social Research, University of Malawi",EN,2022-04-29T04:00:00.000Z
ASSISTIVETECH_SATISFACTIONSERVICES,Satisfaction with assistive products and related services (%),numeric,SEAR,South-East Asia,Country,NPL,Nepal,Year,2021,true,Assistive technology product,Total,ASSISTIVETECHPRODUCT_ASSISTIVETECH_TOTAL,Satisfaction with assistive products and related services,Mainteinance and repair,ASSISTIVETECHSATISERVICE_ASSISTIVETECH_sati_repair,,,,,,,61.87,,,,,,61.9,,,EN,2022-04-29T04:00:00.000Z
ASSISTIVETECH_SATISFACTIONSERVICES,Satisfaction with assistive products and related services (%),numeric,AFR,Africa,Country,KEN,Kenya,Year,2021,true,Assistive technology product,"Total, excluding spectacles",ASSISTIVETECHPRODUCT_ASSISTIVETECH_TOTAL_NOSPECS,Satisfaction with assistive products and related services,Assistive product(s),ASSISTIVETECHSATISERVICE_ASSISTIVETECH_sati_APs,,,,,,,62,,,,,,62,,,EN,2022-05-10T04:00:00.000Z
ASSISTIVETECH_SATISFACTIONSERVICES,Satisfaction with assistive products and related services (%),numeric,EUR,Europe,Country,GEO,Georgia,Year,2021,true,Assistive technology product,Total,ASSISTIVETECHPRODUCT_ASSISTIVETECH_TOTAL,Satisfaction with assistive products and related services,Assistive product(s),ASSISTIVETECHSATISERVICE_ASSISTIVETECH_sati_APs,,,,,,,62.24,,,,,,62.2,,,EN,2022-04-29T04:00:00.000Z
ASSISTIVETECH_SATISFACTIONSERVICES,Satisfaction with assistive products and related services (%),numeric,AFR,Africa,Country,KEN,Kenya,Year,2021,true,Assistive technology product,Total,ASSISTIVETECHPRODUCT_ASSISTIVETECH_TOTAL,Satisfaction with assistive products and related services,Assistive product(s),ASSISTIVETECHSATISERVICE_ASSISTIVETECH_sati_APs,,,,,,,62.48,,,,,,62.5,,,EN,2022-05-10T04:00:00.000Z
ASSISTIVETECH_SATISFACTIONSERVICES,Satisfaction with assistive products and related services (%),numeric,AFR,Africa,Country,TGO,Togo,Year,2021,true,Assistive technology product,Total,ASSISTIVETECHPRODUCT_ASSISTIVETECH_TOTAL,Satisfaction with assistive products and related services,Assessment and training,ASSISTIVETECHSATISERVICE_ASSISTIVETECH_sati_assessment,,,,,,,62.9,,,,,,62.9,,,EN,2022-05-10T04:00:00.000Z
ASSISTIVETECH_SATISFACTIONSERVICES,Satisfaction with assistive products and related services (%),numeric,SEAR,South-East Asia,Country,MMR,Myanmar,Year,2021,true,Assistive technology product,Total,ASSISTIVETECHPRODUCT_ASSISTIVETECH_TOTAL,Satisfaction with assistive products and related services,Assessment and training,ASSISTIVETECHSATISERVICE_ASSISTIVETECH_sati_assessment,,,,,,,63.54,,,,,,63.5,,,EN,2022-04-29T04:00:00.000Z
ASSISTIVETECH_SATISFACTIONSERVICES,Satisfaction with assistive products and related services (%),numeric,WPR,Western Pacific,Country,MNG,Mongolia,Year,2021,true,Assistive technology product,"Total, excluding spectacles",ASSISTIVETECHPRODUCT_ASSISTIVETECH_TOTAL_NOSPECS,Satisfaction with assistive products and related services,Assistive product(s),ASSISTIVETECHSATISERVICE_ASSISTIVETECH_sati_APs,,,,,,,64.03,,,,,,64.0,,,EN,2022-04-29T04:00:00.000Z
ASSISTIVETECH_SATISFACTIONSERVICES,Satisfaction with assistive products and related services (%),numeric,EMR,Eastern Mediterranean,Country,IRN,Iran (Islamic Republic of),Year,2021,true,Assistive technology product,"Total, excluding spectacles",ASSISTIVETECHPRODUCT_ASSISTIVETECH_TOTAL_NOSPECS,Satisfaction with assistive products and related services,Mainteinance and repair,ASSISTIVETECHSATISERVICE_ASSISTIVETECH_sati_repair,,,,,,,65.23,,,,,,65.2,,,EN,2022-04-29T04:00:00.000Z
ASSISTIVETECH_SATISFACTIONSERVICES,Satisfaction with assistive products and related services (%),numeric,EMR,Eastern Mediterranean,Country,DJI,Djibouti,Year,2021,true,Assistive technology product,"Total, excluding spectacles",ASSISTIVETECHPRODUCT_ASSISTIVETECH_TOTAL_NOSPECS,Satisfaction with assistive products and related services,Assistive product(s),ASSISTIVETECHSATISERVICE_ASSISTIVETECH_sati_APs,,,,,,,65.44,,,,,,65.4,,,EN,2022-04-29T04:00:00.000Z
ASSISTIVETECH_SATISFACTIONSERVICES,Satisfaction with assistive products and related services (%),numeric,SEAR,South-East Asia,Country,MMR,Myanmar,Year,2021,true,Assistive technology product,Total,ASSISTIVETECHPRODUCT_ASSISTIVETECH_TOTAL,Satisfaction with assistive products and related services,Assistive product(s),ASSISTIVETECHSATISERVICE_ASSISTIVETECH_sati_APs,,,,,,,66.12,,,,,,66.1,,,EN,2022-04-29T04:00:00.000Z
ASSISTIVETECH_SATISFACTIONSERVICES,Satisfaction with assistive products and related services (%),numeric,EMR,Eastern Mediterranean,Country,JOR,Jordan,Year,2021,true,Assistive technology product,"Total, excluding spectacles",ASSISTIVETECHPRODUCT_ASSISTIVETECH_TOTAL_NOSPECS,Satisfaction with assistive products and related services,Mainteinance and repair,ASSISTIVETECHSATISERVICE_ASSISTIVETECH_sati_repair,,,,,,,66.34,,,,,,66.3,,,EN,2022-04-29T04:00:00.000Z
ASSISTIVETECH_SATISFACTIONSERVICES,Satisfaction with assistive products and related services (%),numeric,EMR,Eastern Mediterranean,Country,DJI,Djibouti,Year,2021,true,Assistive technology product,"Total, excluding spectacles",ASSISTIVETECHPRODUCT_ASSISTIVETECH_TOTAL_NOSPECS,Satisfaction with assistive products and related services,Mainteinance and repair,ASSISTIVETECHSATISERVICE_ASSISTIVETECH_sati_repair,,,,,,,66.82,,,,,,66.8,,,EN,2022-04-29T04:00:00.000Z
ASSISTIVETECH_SATISFACTIONSERVICES,Satisfaction with assistive products and related services (%),numeric,EUR,Europe,Country,ITA,Italy,Year,2021,true,Assistive technology product,"Total, excluding spectacles",ASSISTIVETECHPRODUCT_ASSISTIVETECH_TOTAL_NOSPECS,Satisfaction with assistive products and related services,Assistive product(s),ASSISTIVETECHSATISERVICE_ASSISTIVETECH_sati_APs,,,,,,,67.83,,,,,,67.8,,Survey conducted by AIAS Associazione Italiana Assistenza Spastici della Provincia di Bologna O.N.L.U.S.; Istituto Superiore di Sanità; Fondazione CENSIS; Rete Italiana dei Centri di consulenza su ausili tecnologici per le disabilità (GLIC),EN,2022-04-29T04:00:00.000Z
ASSISTIVETECH_SATISFACTIONSERVICES,Satisfaction with assistive products and related services (%),numeric,EMR,Eastern Mediterranean,Country,IRQ,Iraq,Year,2021,true,Assistive technology product,Total,ASSISTIVETECHPRODUCT_ASSISTIVETECH_TOTAL,Satisfaction with assistive products and related services,Assistive product(s),ASSISTIVETECHSATISERVICE_ASSISTIVETECH_sati_APs,,,,,,,68.13,,,,,,68.1,,,EN,2022-04-29T04:00:00.000Z
ASSISTIVETECH_SATISFACTIONSERVICES,Satisfaction with assistive products and related services (%),numeric,EMR,Eastern Mediterranean,Country,DJI,Djibouti,Year,2021,true,Assistive technology product,"Total, excluding spectacles",ASSISTIVETECHPRODUCT_ASSISTIVETECH_TOTAL_NOSPECS,Satisfaction with assistive products and related services,Assessment and training,ASSISTIVETECHSATISERVICE_ASSISTIVETECH_sati_assessment,,,,,,,68.66,,,,,,68.7,,,EN,2022-04-29T04:00:00.000Z
ASSISTIVETECH_SATISFACTIONSERVICES,Satisfaction with assistive products and related services (%),numeric,AFR,Africa,Country,TGO,Togo,Year,2021,true,Assistive technology product,Total,ASSISTIVETECHPRODUCT_ASSISTIVETECH_TOTAL,Satisfaction with assistive products and related services,Assistive product(s),ASSISTIVETECHSATISERVICE_ASSISTIVETECH_sati_APs,,,,,,,70.63,,,,,,70.6,,,EN,2022-05-10T04:00:00.000Z
ASSISTIVETECH_SATISFACTIONSERVICES,Satisfaction with assistive products and related services (%),numeric,EMR,Eastern Mediterranean,Country,JOR,Jordan,Year,2021,true,Assistive technology product,Total,ASSISTIVETECHPRODUCT_ASSISTIVETECH_TOTAL,Satisfaction with assistive products and related services,Mainteinance and repair,ASSISTIVETECHSATISERVICE_ASSISTIVETECH_sati_repair,,,,,,,70.83,,,,,,70.8,,,EN,2022-04-29T04:00:00.000Z
ASSISTIVETECH_SATISFACTIONSERVICES,Satisfaction with assistive products and related services (%),numeric,SEAR,South-East Asia,Country,MDV,Maldives,Year,2021,true,Assistive technology product,"Total, excluding spectacles",ASSISTIVETECHPRODUCT_ASSISTIVETECH_TOTAL_NOSPECS,Satisfaction with assistive products and related services,Assistive product(s),ASSISTIVETECHSATISERVICE_ASSISTIVETECH_sati_APs,,,,,,,71.1,,,,,,71.1,,,EN,2022-04-29T04:00:00.000Z
ASSISTIVETECH_SATISFACTIONSERVICES,Satisfaction with assistive products and related services (%),numeric,WPR,Western Pacific,Country,MNG,Mongolia,Year,2021,true,Assistive technology product,Total,ASSISTIVETECHPRODUCT_ASSISTIVETECH_TOTAL,Satisfaction with assistive products and related services,Assistive product(s),ASSISTIVETECHSATISERVICE_ASSISTIVETECH_sati_APs,,,,,,,72.17,,,,,,72.2,,,EN,2022-04-29T04:00:00.000Z
ASSISTIVETECH_SATISFACTIONSERVICES,Satisfaction with assistive products and related services (%),numeric,EMR,Eastern Mediterranean,Country,IRN,Iran (Islamic Republic of),Year,2021,true,Assistive technology product,Total,ASSISTIVETECHPRODUCT_ASSISTIVETECH_TOTAL,Satisfaction with assistive products and related services,Mainteinance and repair,ASSISTIVETECHSATISERVICE_ASSISTIVETECH_sati_repair,,,,,,,73.62,,,,,,73.6,,,EN,2022-04-29T04:00:00.000Z
ASSISTIVETECH_SATISFACTIONSERVICES,Satisfaction with assistive products and related services (%),numeric,EUR,Europe,Country,UKR,Ukraine,Year,2021,true,Assistive technology product,"Total, excluding spectacles",ASSISTIVETECHPRODUCT_ASSISTIVETECH_TOTAL_NOSPECS,Satisfaction with assistive products and related services,Assistive product(s),ASSISTIVETECHSATISERVICE_ASSISTIVETECH_sati_APs,,,,,,,73.74,,,,,,73.7,,,EN,2022-04-29T04:00:00.000Z
ASSISTIVETECH_SATISFACTIONSERVICES,Satisfaction with assistive products and related services (%),numeric,WPR,Western Pacific,Country,CHN,China,Year,2021,true,Assistive technology product,"Total, excluding spectacles",ASSISTIVETECHPRODUCT_ASSISTIVETECH_TOTAL_NOSPECS,Satisfaction with assistive products and related services,Assistive product(s),ASSISTIVETECHSATISERVICE_ASSISTIVETECH_sati_APs,,,,,,,73.91,,,,,,73.9,,"Survey conducted in the following regions: Anhui, Beijing, Fujian, Hubei, Sichuan, Shaanxi. Survey conducted by China Assistive Devices and Technology Center for Persons with Disabilities",EN,2022-04-29T04:00:00.000Z
ASSISTIVETECH_SATISFACTIONSERVICES,Satisfaction with assistive products and related services (%),numeric,EUR,Europe,Country,TJK,Tajikistan,Year,2021,true,Assistive technology product,Total,ASSISTIVETECHPRODUCT_ASSISTIVETECH_TOTAL,Satisfaction with assistive products and related services,Assistive product(s),ASSISTIVETECHSATISERVICE_ASSISTIVETECH_sati_APs,,,,,,,73.85,,,,,,73.9,,Survey conducted in Sughd region,EN,2022-04-29T04:00:00.000Z
ASSISTIVETECH_SATISFACTIONSERVICES,Satisfaction with assistive products and related services (%),numeric,EMR,Eastern Mediterranean,Country,DJI,Djibouti,Year,2021,true,Assistive technology product,Total,ASSISTIVETECHPRODUCT_ASSISTIVETECH_TOTAL,Satisfaction with assistive products and related services,Mainteinance and repair,ASSISTIVETECHSATISERVICE_ASSISTIVETECH_sati_repair,,,,,,,74.78,,,,,,74.8,,,EN,2022-04-29T04:00:00.000Z
ASSISTIVETECH_SATISFACTIONSERVICES,Satisfaction with assistive products and related services (%),numeric,EUR,Europe,Country,TJK,Tajikistan,Year,2021,true,Assistive technology product,Total,ASSISTIVETECHPRODUCT_ASSISTIVETECH_TOTAL,Satisfaction with assistive products and related services,Mainteinance and repair,ASSISTIVETECHSATISERVICE_ASSISTIVETECH_sati_repair,,,,,,,74.77,,,,,,74.8,,Survey conducted in Sughd region,EN,2022-04-29T04:00:00.000Z
ASSISTIVETECH_SATISFACTIONSERVICES,Satisfaction with assistive products and related services (%),numeric,WPR,Western Pacific,Country,IDN,Indonesia,Year,2021,true,Assistive technology product,"Total, excluding spectacles",ASSISTIVETECHPRODUCT_ASSISTIVETECH_TOTAL_NOSPECS,Satisfaction with assistive products and related services,Mainteinance and repair,ASSISTIVETECHSATISERVICE_ASSISTIVETECH_sati_repair,,,,,,,74.94,,,,,,74.9,,,EN,2022-05-10T04:00:00.000Z
ASSISTIVETECH_SATISFACTIONSERVICES,Satisfaction with assistive products and related services (%),numeric,EMR,Eastern Mediterranean,Country,JOR,Jordan,Year,2021,true,Assistive technology product,Total,ASSISTIVETECHPRODUCT_ASSISTIVETECH_TOTAL,Satisfaction with assistive products and related services,Assessment and training,ASSISTIVETECHSATISERVICE_ASSISTIVETECH_sati_assessment,,,,,,,74.94,,,,,,74.9,,,EN,2022-04-29T04:00:00.000Z
ASSISTIVETECH_SATISFACTIONSERVICES,Satisfaction with assistive products and related services (%),numeric,EMR,Eastern Mediterranean,Country,JOR,Jordan,Year,2021,true,Assistive technology product,"Total, excluding spectacles",ASSISTIVETECHPRODUCT_ASSISTIVETECH_TOTAL_NOSPECS,Satisfaction with assistive products and related services,Assessment and training,ASSISTIVETECHSATISERVICE_ASSISTIVETECH_sati_assessment,,,,,,,75.68,,,,,,75.7,,,EN,2022-04-29T04:00:00.000Z
ASSISTIVETECH_SATISFACTIONSERVICES,Satisfaction with assistive products and related services (%),numeric,EMR,Eastern Mediterranean,Country,DJI,Djibouti,Year,2021,true,Assistive technology product,Total,ASSISTIVETECHPRODUCT_ASSISTIVETECH_TOTAL,Satisfaction with assistive products and related services,Assessment and training,ASSISTIVETECHSATISERVICE_ASSISTIVETECH_sati_assessment,,,,,,,75.87,,,,,,75.9,,,EN,2022-04-29T04:00:00.000Z
ASSISTIVETECH_SATISFACTIONSERVICES,Satisfaction with assistive products and related services (%),numeric,EMR,Eastern Mediterranean,Country,DJI,Djibouti,Year,2021,true,Assistive technology product,Total,ASSISTIVETECHPRODUCT_ASSISTIVETECH_TOTAL,Satisfaction with assistive products and related services,Assistive product(s),ASSISTIVETECHSATISERVICE_ASSISTIVETECH_sati_APs,,,,,,,76.09,,,,,,76.1,,,EN,2022-04-29T04:00:00.000Z
ASSISTIVETECH_SATISFACTIONSERVICES,Satisfaction with assistive products and related services (%),numeric,AFR,Africa,Country,BFA,Burkina Faso,Year,2021,true,Assistive technology product,"Total, excluding spectacles",ASSISTIVETECHPRODUCT_ASSISTIVETECH_TOTAL_NOSPECS,Satisfaction with assistive products and related services,Assistive product(s),ASSISTIVETECHSATISERVICE_ASSISTIVETECH_sati_APs,,,,,,,76.15,,,,,,76.2,,,EN,2022-05-10T04:00:00.000Z
ASSISTIVETECH_SATISFACTIONSERVICES,Satisfaction with assistive products and related services (%),numeric,EMR,Eastern Mediterranean,Country,IRN,Iran (Islamic Republic of),Year,2021,true,Assistive technology product,"Total, excluding spectacles",ASSISTIVETECHPRODUCT_ASSISTIVETECH_TOTAL_NOSPECS,Satisfaction with assistive products and related services,Assessment and training,ASSISTIVETECHSATISERVICE_ASSISTIVETECH_sati_assessment,,,,,,,76.22,,,,,,76.2,,,EN,2022-04-29T04:00:00.000Z
ASSISTIVETECH_SATISFACTIONSERVICES,Satisfaction with assistive products and related services (%),numeric,EUR,Europe,Country,TJK,Tajikistan,Year,2021,true,Assistive technology product,Total,ASSISTIVETECHPRODUCT_ASSISTIVETECH_TOTAL,Satisfaction with assistive products and related services,Assessment and training,ASSISTIVETECHSATISERVICE_ASSISTIVETECH_sati_assessment,,,,,,,76.61,,,,,,76.6,,Survey conducted in Sughd region,EN,2022-04-29T04:00:00.000Z
ASSISTIVETECH_SATISFACTIONSERVICES,Satisfaction with assistive products and related services (%),numeric,WPR,Western Pacific,Country,IDN,Indonesia,Year,2021,true,Assistive technology product,Total,ASSISTIVETECHPRODUCT_ASSISTIVETECH_TOTAL,Satisfaction with assistive products and related services,Mainteinance and repair,ASSISTIVETECHSATISERVICE_ASSISTIVETECH_sati_repair,,,,,,,78.1,,,,,,78.1,,,EN,2022-05-10T04:00:00.000Z
ASSISTIVETECH_SATISFACTIONSERVICES,Satisfaction with assistive products and related services (%),numeric,EMR,Eastern Mediterranean,Country,IRN,Iran (Islamic Republic of),Year,2021,true,Assistive technology product,"Total, excluding spectacles",ASSISTIVETECHPRODUCT_ASSISTIVETECH_TOTAL_NOSPECS,Satisfaction with assistive products and related services,Assistive product(s),ASSISTIVETECHSATISERVICE_ASSISTIVETECH_sati_APs,,,,,,,78.16,,,,,,78.2,,,EN,2022-04-29T04:00:00.000Z
ASSISTIVETECH_SATISFACTIONSERVICES,Satisfaction with assistive products and related services (%),numeric,AMR,Americas,Country,DOM,Dominican Republic,Year,2021,true,Assistive technology product,Total,ASSISTIVETECHPRODUCT_ASSISTIVETECH_TOTAL,Satisfaction with assistive products and related services,Assistive product(s),ASSISTIVETECHSATISERVICE_ASSISTIVETECH_sati_APs,,,,,,,78.34,,,,,,78.3,,,EN,2022-04-29T04:00:00.000Z
ASSISTIVETECH_SATISFACTIONSERVICES,Satisfaction with assistive products and related services (%),numeric,EMR,Eastern Mediterranean,Country,JOR,Jordan,Year,2021,true,Assistive technology product,"Total, excluding spectacles",ASSISTIVETECHPRODUCT_ASSISTIVETECH_TOTAL_NOSPECS,Satisfaction with assistive products and related services,Assistive product(s),ASSISTIVETECHSATISERVICE_ASSISTIVETECH_sati_APs,,,,,,,78.61,,,,,,78.6,,,EN,2022-04-29T04:00:00.000Z
ASSISTIVETECH_SATISFACTIONSERVICES,Satisfaction with assistive products and related services (%),numeric,WPR,Western Pacific,Country,IDN,Indonesia,Year,2021,true,Assistive technology product,Total,ASSISTIVETECHPRODUCT_ASSISTIVETECH_TOTAL,Satisfaction with assistive products and related services,Assessment and training,ASSISTIVETECHSATISERVICE_ASSISTIVETECH_sati_assessment,,,,,,,78.91,,,,,,78.9,,,EN,2022-05-10T04:00:00.000Z
ASSISTIVETECH_SATISFACTIONSERVICES,Satisfaction with assistive products and related services (%),numeric,WPR,Western Pacific,Country,IDN,Indonesia,Year,2021,true,Assistive technology product,"Total, excluding spectacles",ASSISTIVETECHPRODUCT_ASSISTIVETECH_TOTAL_NOSPECS,Satisfaction with assistive products and related services,Assessment and training,ASSISTIVETECHSATISERVICE_ASSISTIVETECH_sati_assessment,,,,,,,79.03,,,,,,79,,,EN,2022-05-10T04:00:00.000Z
ASSISTIVETECH_SATISFACTIONSERVICES,Satisfaction with assistive products and related services (%),numeric,SEAR,South-East Asia,Country,NPL,Nepal,Year,2021,true,Assistive technology product,"Total, excluding spectacles",ASSISTIVETECHPRODUCT_ASSISTIVETECH_TOTAL_NOSPECS,Satisfaction with assistive products and related services,Assistive product(s),ASSISTIVETECHSATISERVICE_ASSISTIVETECH_sati_APs,,,,,,,79.06,,,,,,79.1,,,EN,2022-04-29T04:00:00.000Z
ASSISTIVETECH_SATISFACTIONSERVICES,Satisfaction with assistive products and related services (%),numeric,EUR,Europe,Country,POL,Poland,Year,2021,true,Assistive technology product,"Total, excluding spectacles",ASSISTIVETECHPRODUCT_ASSISTIVETECH_TOTAL_NOSPECS,Satisfaction with assistive products and related services,Assessment and training,ASSISTIVETECHSATISERVICE_ASSISTIVETECH_sati_assessment,,,,,,,79.23,,,,,,79.2,,,EN,2022-05-10T04:00:00.000Z
ASSISTIVETECH_SATISFACTIONSERVICES,Satisfaction with assistive products and related services (%),numeric,EUR,Europe,Country,SWE,Sweden,Year,2021,true,Assistive technology product,"Total, excluding spectacles",ASSISTIVETECHPRODUCT_ASSISTIVETECH_TOTAL_NOSPECS,Satisfaction with assistive products and related services,Assessment and training,ASSISTIVETECHSATISERVICE_ASSISTIVETECH_sati_assessment,,,,,,,79.43,,,,,,79.4,,Survey conducted by Dalarna University,EN,2022-04-29T04:00:00.000Z
ASSISTIVETECH_SATISFACTIONSERVICES,Satisfaction with assistive products and related services (%),numeric,AMR,Americas,Country,DOM,Dominican Republic,Year,2021,true,Assistive technology product,"Total, excluding spectacles",ASSISTIVETECHPRODUCT_ASSISTIVETECH_TOTAL_NOSPECS,Satisfaction with assistive products and related services,Assistive product(s),ASSISTIVETECHSATISERVICE_ASSISTIVETECH_sati_APs,,,,,,,79.72,,,,,,79.7,,,EN,2022-04-29T04:00:00.000Z
ASSISTIVETECH_SATISFACTIONSERVICES,Satisfaction with assistive products and related services (%),numeric,EMR,Eastern Mediterranean,Country,IRN,Iran (Islamic Republic of),Year,2021,true,Assistive technology product,Total,ASSISTIVETECHPRODUCT_ASSISTIVETECH_TOTAL,Satisfaction with assistive products and related services,Assessment and training,ASSISTIVETECHSATISERVICE_ASSISTIVETECH_sati_assessment,,,,,,,79.71,,,,,,79.7,,,EN,2022-04-29T04:00:00.000Z
ASSISTIVETECH_SATISFACTIONSERVICES,Satisfaction with assistive products and related services (%),numeric,EUR,Europe,Country,UKR,Ukraine,Year,2021,true,Assistive technology product,Total,ASSISTIVETECHPRODUCT_ASSISTIVETECH_TOTAL,Satisfaction with assistive products and related services,Assistive product(s),ASSISTIVETECHSATISERVICE_ASSISTIVETECH_sati_APs,,,,,,,80.15,,,,,,80.1,,,EN,2022-04-29T04:00:00.000Z
ASSISTIVETECH_SATISFACTIONSERVICES,Satisfaction with assistive products and related services (%),numeric,AFR,Africa,Country,BFA,Burkina Faso,Year,2021,true,Assistive technology product,Total,ASSISTIVETECHPRODUCT_ASSISTIVETECH_TOTAL,Satisfaction with assistive products and related services,Assistive product(s),ASSISTIVETECHSATISERVICE_ASSISTIVETECH_sati_APs,,,,,,,80.39,,,,,,80.4,,,EN,2022-05-10T04:00:00.000Z
ASSISTIVETECH_SATISFACTIONSERVICES,Satisfaction with assistive products and related services (%),numeric,EUR,Europe,Country,SWE,Sweden,Year,2021,true,Assistive technology product,Total,ASSISTIVETECHPRODUCT_ASSISTIVETECH_TOTAL,Satisfaction with assistive products and related services,Assessment and training,ASSISTIVETECHSATISERVICE_ASSISTIVETECH_sati_assessment,,,,,,,81.09,,,,,,81.1,,Survey conducted by Dalarna University,EN,2022-04-29T04:00:00.000Z
ASSISTIVETECH_SATISFACTIONSERVICES,Satisfaction with assistive products and related services (%),numeric,WPR,Western Pacific,Country,IDN,Indonesia,Year,2021,true,Assistive technology product,Total,ASSISTIVETECHPRODUCT_ASSISTIVETECH_TOTAL,Satisfaction with assistive products and related services,Assistive product(s),ASSISTIVETECHSATISERVICE_ASSISTIVETECH_sati_APs,,,,,,,82.2,,,,,,82.2,,,EN,2022-05-10T04:00:00.000Z
ASSISTIVETECH_SATISFACTIONSERVICES,Satisfaction with assistive products and related services (%),numeric,WPR,Western Pacific,Country,CHN,China,Year,2021,true,Assistive technology product,Total,ASSISTIVETECHPRODUCT_ASSISTIVETECH_TOTAL,Satisfaction with assistive products and related services,Assistive product(s),ASSISTIVETECHSATISERVICE_ASSISTIVETECH_sati_APs,,,,,,,82.86,,,,,,82.9,,"Survey conducted in the following regions: Anhui, Beijing, Fujian, Hubei, Sichuan, Shaanxi. Survey conducted by China Assistive Devices and Technology Center for Persons with Disabilities",EN,2022-04-29T04:00:00.000Z
ASSISTIVETECH_SATISFACTIONSERVICES,Satisfaction with assistive products and related services (%),numeric,EMR,Eastern Mediterranean,Country,JOR,Jordan,Year,2021,true,Assistive technology product,Total,ASSISTIVETECHPRODUCT_ASSISTIVETECH_TOTAL,Satisfaction with assistive products and related services,Assistive product(s),ASSISTIVETECHSATISERVICE_ASSISTIVETECH_sati_APs,,,,,,,83.49,,,,,,83.5,,,EN,2022-04-29T04:00:00.000Z
ASSISTIVETECH_SATISFACTIONSERVICES,Satisfaction with assistive products and related services (%),numeric,EUR,Europe,Country,ITA,Italy,Year,2021,true,Assistive technology product,Total,ASSISTIVETECHPRODUCT_ASSISTIVETECH_TOTAL,Satisfaction with assistive products and related services,Assistive product(s),ASSISTIVETECHSATISERVICE_ASSISTIVETECH_sati_APs,,,,,,,83.61,,,,,,83.6,,Survey conducted by AIAS Associazione Italiana Assistenza Spastici della Provincia di Bologna O.N.L.U.S.; Istituto Superiore di Sanità; Fondazione CENSIS; Rete Italiana dei Centri di consulenza su ausili tecnologici per le disabilità (GLIC),EN,2022-04-29T04:00:00.000Z
ASSISTIVETECH_SATISFACTIONSERVICES,Satisfaction with assistive products and related services (%),numeric,SEAR,South-East Asia,Country,MDV,Maldives,Year,2021,true,Assistive technology product,Total,ASSISTIVETECHPRODUCT_ASSISTIVETECH_TOTAL,Satisfaction with assistive products and related services,Assistive product(s),ASSISTIVETECHSATISERVICE_ASSISTIVETECH_sati_APs,,,,,,,83.57,,,,,,83.6,,,EN,2022-04-29T04:00:00.000Z
ASSISTIVETECH_SATISFACTIONSERVICES,Satisfaction with assistive products and related services (%),numeric,SEAR,South-East Asia,Country,NPL,Nepal,Year,2021,true,Assistive technology product,Total,ASSISTIVETECHPRODUCT_ASSISTIVETECH_TOTAL,Satisfaction with assistive products and related services,Assistive product(s),ASSISTIVETECHSATISERVICE_ASSISTIVETECH_sati_APs,,,,,,,84.01,,,,,,84.0,,,EN,2022-04-29T04:00:00.000Z
ASSISTIVETECH_SATISFACTIONSERVICES,Satisfaction with assistive products and related services (%),numeric,AMR,Americas,Country,DOM,Dominican Republic,Year,2021,true,Assistive technology product,Total,ASSISTIVETECHPRODUCT_ASSISTIVETECH_TOTAL,Satisfaction with assistive products and related services,Assessment and training,ASSISTIVETECHSATISERVICE_ASSISTIVETECH_sati_assessment,,,,,,,84.88,,,,,,84.9,,,EN,2022-04-29T04:00:00.000Z
ASSISTIVETECH_SATISFACTIONSERVICES,Satisfaction with assistive products and related services (%),numeric,EUR,Europe,Country,POL,Poland,Year,2021,true,Assistive technology product,"Total, excluding spectacles",ASSISTIVETECHPRODUCT_ASSISTIVETECH_TOTAL_NOSPECS,Satisfaction with assistive products and related services,Assistive product(s),ASSISTIVETECHSATISERVICE_ASSISTIVETECH_sati_APs,,,,,,,85.21,,,,,,85.2,,,EN,2022-05-10T04:00:00.000Z
ASSISTIVETECH_SATISFACTIONSERVICES,Satisfaction with assistive products and related services (%),numeric,EMR,Eastern Mediterranean,Country,IRN,Iran (Islamic Republic of),Year,2021,true,Assistive technology product,Total,ASSISTIVETECHPRODUCT_ASSISTIVETECH_TOTAL,Satisfaction with assistive products and related services,Assistive product(s),ASSISTIVETECHSATISERVICE_ASSISTIVETECH_sati_APs,,,,,,,85.55,,,,,,85.5,,,EN,2022-04-29T04:00:00.000Z
ASSISTIVETECH_SATISFACTIONSERVICES,Satisfaction with assistive products and related services (%),numeric,WPR,Western Pacific,Country,IDN,Indonesia,Year,2021,true,Assistive technology product,"Total, excluding spectacles",ASSISTIVETECHPRODUCT_ASSISTIVETECH_TOTAL_NOSPECS,Satisfaction with assistive products and related services,Assistive product(s),ASSISTIVETECHSATISERVICE_ASSISTIVETECH_sati_APs,,,,,,,86.67,,,,,,86.7,,,EN,2022-05-10T04:00:00.000Z
ASSISTIVETECH_SATISFACTIONSERVICES,Satisfaction with assistive products and related services (%),numeric,EUR,Europe,Country,POL,Poland,Year,2021,true,Assistive technology product,Total,ASSISTIVETECHPRODUCT_ASSISTIVETECH_TOTAL,Satisfaction with assistive products and related services,Assistive product(s),ASSISTIVETECHSATISERVICE_ASSISTIVETECH_sati_APs,,,,,,,87.19,,,,,,87.2,,,EN,2022-05-10T04:00:00.000Z
ASSISTIVETECH_SATISFACTIONSERVICES,Satisfaction with assistive products and related services (%),numeric,EUR,Europe,Country,SWE,Sweden,Year,2021,true,Assistive technology product,Total,ASSISTIVETECHPRODUCT_ASSISTIVETECH_TOTAL,Satisfaction with assistive products and related services,Assistive product(s),ASSISTIVETECHSATISERVICE_ASSISTIVETECH_sati_APs,,,,,,,87.18,,,,,,87.2,,Survey conducted by Dalarna University,EN,2022-04-29T04:00:00.000Z
ASSISTIVETECH_SATISFACTIONSERVICES,Satisfaction with assistive products and related services (%),numeric,EUR,Europe,Country,POL,Poland,Year,2021,true,Assistive technology product,Total,ASSISTIVETECHPRODUCT_ASSISTIVETECH_TOTAL,Satisfaction with assistive products and related services,Assessment and training,ASSISTIVETECHSATISERVICE_ASSISTIVETECH_sati_assessment,,,,,,,88.87,,,,,,88.9,,,EN,2022-05-10T04:00:00.000Z
ASSISTIVETECH_SATISFACTIONSERVICES,Satisfaction with assistive products and related services (%),numeric,EUR,Europe,Country,SWE,Sweden,Year,2021,true,Assistive technology product,"Total, excluding spectacles",ASSISTIVETECHPRODUCT_ASSISTIVETECH_TOTAL_NOSPECS,Satisfaction with assistive products and related services,Assistive product(s),ASSISTIVETECHSATISERVICE_ASSISTIVETECH_sati_APs,,,,,,,89.6,,,,,,89.6,,Survey conducted by Dalarna University,EN,2022-04-29T04:00:00.000Z
ASSISTIVETECH_SATISFACTIONSERVICES,Satisfaction with assistive products and related services (%),numeric,AMR,Americas,Country,GTM,Guatemala,Year,2021,true,Assistive technology product,Total,ASSISTIVETECHPRODUCT_ASSISTIVETECH_TOTAL,Satisfaction with assistive products and related services,Assistive product(s),ASSISTIVETECHSATISERVICE_ASSISTIVETECH_sati_APs,,,,,,,90.61,,,,,,90.6,,Survey conducted in Solola region. Survey conducted by Stichting Liliane Fonds,EN,2022-04-29T04:00:00.000Z
ASSISTIVETECH_SATISFACTIONSERVICES,Satisfaction with assistive products and related services (%),numeric,AMR,Americas,Country,GTM,Guatemala,Year,2021,true,Assistive technology product,"Total, excluding spectacles",ASSISTIVETECHPRODUCT_ASSISTIVETECH_TOTAL_NOSPECS,Satisfaction with assistive products and related services,Assistive product(s),ASSISTIVETECHSATISERVICE_ASSISTIVETECH_sati_APs,,,,,,,98.08,,,,,,98.1,,Survey conducted in Solola region. Survey conducted by Stichting Liliane Fonds,EN,2022-04-29T04:00:00.000Z
ASSISTIVETECH_SATISFACTIONSERVICES,Satisfaction with assistive products and related services (%),numeric,EMR,Eastern Mediterranean,Country,PAK,Pakistan,Year,2019,true,Assistive technology product,"Total, excluding spectacles",ASSISTIVETECHPRODUCT_ASSISTIVETECH_TOTAL_NOSPECS,Satisfaction with assistive products and related services,Mainteinance and repair,ASSISTIVETECHSATISERVICE_ASSISTIVETECH_sati_repair,,,,,,,65.49,,,,,,65.5,,,EN,2022-04-29T04:00:00.000Z
ASSISTIVETECH_SATISFACTIONSERVICES,Satisfaction with assistive products and related services (%),numeric,EMR,Eastern Mediterranean,Country,PAK,Pakistan,Year,2019,true,Assistive technology product,"Total, excluding spectacles",ASSISTIVETECHPRODUCT_ASSISTIVETECH_TOTAL_NOSPECS,Satisfaction with assistive products and related services,Assessment and training,ASSISTIVETECHSATISERVICE_ASSISTIVETECH_sati_assessment,,,,,,,69.51,,,,,,69.5,,,EN,2022-04-29T04:00:00.000Z
ASSISTIVETECH_SATISFACTIONSERVICES,Satisfaction with assistive products and related services (%),numeric,EMR,Eastern Mediterranean,Country,PAK,Pakistan,Year,2019,true,Assistive technology product,"Total, excluding spectacles",ASSISTIVETECHPRODUCT_ASSISTIVETECH_TOTAL_NOSPECS,Satisfaction with assistive products and related services,Assistive product(s),ASSISTIVETECHSATISERVICE_ASSISTIVETECH_sati_APs,,,,,,,74.64,,,,,,74.6,,,EN,2022-04-29T04:00:00.000Z
ASSISTIVETECH_SATISFACTIONSERVICES,Satisfaction with assistive products and related services (%),numeric,EMR,Eastern Mediterranean,Country,PAK,Pakistan,Year,2019,true,Assistive technology product,Total,ASSISTIVETECHPRODUCT_ASSISTIVETECH_TOTAL,Satisfaction with assistive products and related services,Mainteinance and repair,ASSISTIVETECHSATISERVICE_ASSISTIVETECH_sati_repair,,,,,,,78.48,,,,,,78.5,,,EN,2022-04-29T04:00:00.000Z
ASSISTIVETECH_SATISFACTIONSERVICES,Satisfaction with assistive products and related services (%),numeric,EMR,Eastern Mediterranean,Country,PAK,Pakistan,Year,2019,true,Assistive technology product,Total,ASSISTIVETECHPRODUCT_ASSISTIVETECH_TOTAL,Satisfaction with assistive products and related services,Assessment and training,ASSISTIVETECHSATISERVICE_ASSISTIVETECH_sati_assessment,,,,,,,82.79,,,,,,82.8,,,EN,2022-04-29T04:00:00.000Z
ASSISTIVETECH_SATISFACTIONSERVICES,Satisfaction with assistive products and related services (%),numeric,EMR,Eastern Mediterranean,Country,PAK,Pakistan,Year,2019,true,Assistive technology product,Total,ASSISTIVETECHPRODUCT_ASSISTIVETECH_TOTAL,Satisfaction with assistive products and related services,Assistive product(s),ASSISTIVETECHSATISERVICE_ASSISTIVETECH_sati_APs,,,,,,,85.94,,,,,,85.9,,,EN,2022-04-29T04:00:00.000Z
